image_path,label
/content/drive/MyDrive/faceforensics_benchmark_images/0000.png,1
/content/drive/MyDrive/faceforensics_benchmark_images/0001.png,1
/content/drive/MyDrive/faceforensics_benchmark_images/0002.png,1
/content/drive/MyDrive/faceforensics_benchmark_images/0003.png,0
/content/drive/MyDrive/faceforensics_benchmark_images/0004.png,1
/content/drive/MyDrive/faceforensics_benchmark_images/0005.png,1
/content/drive/MyDrive/faceforensics_benchmark_images/0006.png,1
/content/drive/MyDrive/faceforensics_benchmark_images/0007.png,1
/content/drive/MyDrive/faceforensics_benchmark_images/0008.png,0
/content/drive/MyDrive/faceforensics_benchmark_images/0009.png,1
/content/drive/MyDrive/faceforensics_benchmark_images/0010.png,1
/content/drive/MyDrive/faceforensics_benchmark_images/0011.png,1
/content/drive/MyDrive/faceforensics_benchmark_images/0012.png,0
/content/drive/MyDrive/faceforensics_benchmark_images/0013.png,1
/content/drive/MyDrive/faceforensics_benchmark_images/0014.png,1
/content/drive/MyDrive/faceforensics_benchmark_images/0015.png,1
/content/drive/MyDrive/faceforensics_benchmark_images/0016.png,1
/content/drive/MyDrive/faceforensics_benchmark_images/0017.png,1
/content/drive/MyDrive/faceforensics_benchmark_images/0018.png,1
/content/drive/MyDrive/faceforensics_benchmark_images/0019.png,1
/content/drive/MyDrive/faceforensics_benchmark_images/0020.png,1
/content/drive/MyDrive/faceforensics_benchmark_images/0021.png,1
/content/drive/MyDrive/faceforensics_benchmark_images/0022.png,1
/content/drive/MyDrive/faceforensics_benchmark_images/0023.png,1
/content/drive/MyDrive/faceforensics_benchmark_images/0024.png,1
/content/drive/MyDrive/faceforensics_benchmark_images/0025.png,1
/content/drive/MyDrive/faceforensics_benchmark_images/0026.png,1
/content/drive/MyDrive/faceforensics_benchmark_images/0027.png,1
/content/drive/MyDrive/faceforensics_benchmark_images/0028.png,1
/content/drive/MyDrive/faceforensics_benchmark_images/0029.png,1
/content/drive/MyDrive/faceforensics_benchmark_images/0030.png,0
/content/drive/MyDrive/faceforensics_benchmark_images/0031.png,0
/content/drive/MyDrive/faceforensics_benchmark_images/0032.png,1
/content/drive/MyDrive/faceforensics_benchmark_images/0033.png,1
/content/drive/MyDrive/faceforensics_benchmark_images/0034.png,0
/content/drive/MyDrive/faceforensics_benchmark_images/0035.png,1
/content/drive/MyDrive/faceforensics_benchmark_images/0036.png,1
/content/drive/MyDrive/faceforensics_benchmark_images/0037.png,1
/content/drive/MyDrive/faceforensics_benchmark_images/0038.png,1
/content/drive/MyDrive/faceforensics_benchmark_images/0039.png,1
/content/drive/MyDrive/faceforensics_benchmark_images/0040.png,1
/content/drive/MyDrive/faceforensics_benchmark_images/0041.png,1
/content/drive/MyDrive/faceforensics_benchmark_images/0042.png,1
/content/drive/MyDrive/faceforensics_benchmark_images/0043.png,1
/content/drive/MyDrive/faceforensics_benchmark_images/0044.png,1
/content/drive/MyDrive/faceforensics_benchmark_images/0045.png,1
/content/drive/MyDrive/faceforensics_benchmark_images/0046.png,1
/content/drive/MyDrive/faceforensics_benchmark_images/0047.png,1
/content/drive/MyDrive/faceforensics_benchmark_images/0048.png,1
/content/drive/MyDrive/faceforensics_benchmark_images/0049.png,1
/content/drive/MyDrive/faceforensics_benchmark_images/0050.png,0
/content/drive/MyDrive/faceforensics_benchmark_images/0051.png,1
/content/drive/MyDrive/faceforensics_benchmark_images/0052.png,1
/content/drive/MyDrive/faceforensics_benchmark_images/0053.png,1
/content/drive/MyDrive/faceforensics_benchmark_images/0054.png,1
/content/drive/MyDrive/faceforensics_benchmark_images/0055.png,1
/content/drive/MyDrive/faceforensics_benchmark_images/0056.png,1
/content/drive/MyDrive/faceforensics_benchmark_images/0057.png,1
/content/drive/MyDrive/faceforensics_benchmark_images/0058.png,1
/content/drive/MyDrive/faceforensics_benchmark_images/0059.png,1
/content/drive/MyDrive/faceforensics_benchmark_images/0060.png,1
/content/drive/MyDrive/faceforensics_benchmark_images/0061.png,1
/content/drive/MyDrive/faceforensics_benchmark_images/0062.png,1
/content/drive/MyDrive/faceforensics_benchmark_images/0063.png,1
/content/drive/MyDrive/faceforensics_benchmark_images/0064.png,1
/content/drive/MyDrive/faceforensics_benchmark_images/0065.png,0
/content/drive/MyDrive/faceforensics_benchmark_images/0066.png,1
/content/drive/MyDrive/faceforensics_benchmark_images/0067.png,1
/content/drive/MyDrive/faceforensics_benchmark_images/0068.png,1
/content/drive/MyDrive/faceforensics_benchmark_images/0069.png,1
/content/drive/MyDrive/faceforensics_benchmark_images/0070.png,1
/content/drive/MyDrive/faceforensics_benchmark_images/0071.png,0
/content/drive/MyDrive/faceforensics_benchmark_images/0072.png,0
/content/drive/MyDrive/faceforensics_benchmark_images/0073.png,1
/content/drive/MyDrive/faceforensics_benchmark_images/0074.png,1
/content/drive/MyDrive/faceforensics_benchmark_images/0075.png,1
/content/drive/MyDrive/faceforensics_benchmark_images/0076.png,0
/content/drive/MyDrive/faceforensics_benchmark_images/0077.png,1
/content/drive/MyDrive/faceforensics_benchmark_images/0078.png,1
/content/drive/MyDrive/faceforensics_benchmark_images/0079.png,1
/content/drive/MyDrive/faceforensics_benchmark_images/0080.png,1
/content/drive/MyDrive/faceforensics_benchmark_images/0081.png,1
/content/drive/MyDrive/faceforensics_benchmark_images/0082.png,1
/content/drive/MyDrive/faceforensics_benchmark_images/0083.png,1
/content/drive/MyDrive/faceforensics_benchmark_images/0084.png,1
/content/drive/MyDrive/faceforensics_benchmark_images/0085.png,1
/content/drive/MyDrive/faceforensics_benchmark_images/0086.png,1
/content/drive/MyDrive/faceforensics_benchmark_images/0087.png,1
/content/drive/MyDrive/faceforensics_benchmark_images/0088.png,1
/content/drive/MyDrive/faceforensics_benchmark_images/0089.png,1
/content/drive/MyDrive/faceforensics_benchmark_images/0090.png,1
/content/drive/MyDrive/faceforensics_benchmark_images/0091.png,0
/content/drive/MyDrive/faceforensics_benchmark_images/0092.png,1
/content/drive/MyDrive/faceforensics_benchmark_images/0093.png,1
/content/drive/MyDrive/faceforensics_benchmark_images/0094.png,1
/content/drive/MyDrive/faceforensics_benchmark_images/0095.png,1
/content/drive/MyDrive/faceforensics_benchmark_images/0096.png,1
/content/drive/MyDrive/faceforensics_benchmark_images/0097.png,1
/content/drive/MyDrive/faceforensics_benchmark_images/0098.png,1
/content/drive/MyDrive/faceforensics_benchmark_images/0099.png,1
/content/drive/MyDrive/faceforensics_benchmark_images/0100.png,0
/content/drive/MyDrive/faceforensics_benchmark_images/0101.png,1
/content/drive/MyDrive/faceforensics_benchmark_images/0102.png,1
/content/drive/MyDrive/faceforensics_benchmark_images/0103.png,0
/content/drive/MyDrive/faceforensics_benchmark_images/0104.png,0
/content/drive/MyDrive/faceforensics_benchmark_images/0105.png,1
/content/drive/MyDrive/faceforensics_benchmark_images/0106.png,1
/content/drive/MyDrive/faceforensics_benchmark_images/0107.png,1
/content/drive/MyDrive/faceforensics_benchmark_images/0108.png,1
/content/drive/MyDrive/faceforensics_benchmark_images/0109.png,0
/content/drive/MyDrive/faceforensics_benchmark_images/0110.png,1
/content/drive/MyDrive/faceforensics_benchmark_images/0111.png,1
/content/drive/MyDrive/faceforensics_benchmark_images/0112.png,0
/content/drive/MyDrive/faceforensics_benchmark_images/0113.png,1
/content/drive/MyDrive/faceforensics_benchmark_images/0114.png,1
/content/drive/MyDrive/faceforensics_benchmark_images/0115.png,1
/content/drive/MyDrive/faceforensics_benchmark_images/0116.png,0
/content/drive/MyDrive/faceforensics_benchmark_images/0117.png,0
/content/drive/MyDrive/faceforensics_benchmark_images/0118.png,1
/content/drive/MyDrive/faceforensics_benchmark_images/0119.png,1
/content/drive/MyDrive/faceforensics_benchmark_images/0120.png,1
/content/drive/MyDrive/faceforensics_benchmark_images/0121.png,1
/content/drive/MyDrive/faceforensics_benchmark_images/0122.png,1
/content/drive/MyDrive/faceforensics_benchmark_images/0123.png,1
/content/drive/MyDrive/faceforensics_benchmark_images/0124.png,1
/content/drive/MyDrive/faceforensics_benchmark_images/0125.png,1
/content/drive/MyDrive/faceforensics_benchmark_images/0126.png,1
/content/drive/MyDrive/faceforensics_benchmark_images/0127.png,1
/content/drive/MyDrive/faceforensics_benchmark_images/0128.png,1
/content/drive/MyDrive/faceforensics_benchmark_images/0129.png,1
/content/drive/MyDrive/faceforensics_benchmark_images/0130.png,1
/content/drive/MyDrive/faceforensics_benchmark_images/0131.png,1
/content/drive/MyDrive/faceforensics_benchmark_images/0132.png,0
/content/drive/MyDrive/faceforensics_benchmark_images/0133.png,1
/content/drive/MyDrive/faceforensics_benchmark_images/0134.png,1
/content/drive/MyDrive/faceforensics_benchmark_images/0135.png,1
/content/drive/MyDrive/faceforensics_benchmark_images/0136.png,1
/content/drive/MyDrive/faceforensics_benchmark_images/0137.png,1
/content/drive/MyDrive/faceforensics_benchmark_images/0138.png,1
/content/drive/MyDrive/faceforensics_benchmark_images/0139.png,1
/content/drive/MyDrive/faceforensics_benchmark_images/0140.png,1
/content/drive/MyDrive/faceforensics_benchmark_images/0141.png,1
/content/drive/MyDrive/faceforensics_benchmark_images/0142.png,0
/content/drive/MyDrive/faceforensics_benchmark_images/0143.png,1
/content/drive/MyDrive/faceforensics_benchmark_images/0144.png,1
/content/drive/MyDrive/faceforensics_benchmark_images/0145.png,1
/content/drive/MyDrive/faceforensics_benchmark_images/0146.png,0
/content/drive/MyDrive/faceforensics_benchmark_images/0147.png,1
/content/drive/MyDrive/faceforensics_benchmark_images/0148.png,1
/content/drive/MyDrive/faceforensics_benchmark_images/0149.png,1
/content/drive/MyDrive/faceforensics_benchmark_images/0150.png,1
/content/drive/MyDrive/faceforensics_benchmark_images/0151.png,1
/content/drive/MyDrive/faceforensics_benchmark_images/0152.png,1
/content/drive/MyDrive/faceforensics_benchmark_images/0153.png,0
/content/drive/MyDrive/faceforensics_benchmark_images/0154.png,1
/content/drive/MyDrive/faceforensics_benchmark_images/0155.png,0
/content/drive/MyDrive/faceforensics_benchmark_images/0156.png,1
/content/drive/MyDrive/faceforensics_benchmark_images/0157.png,1
/content/drive/MyDrive/faceforensics_benchmark_images/0158.png,1
/content/drive/MyDrive/faceforensics_benchmark_images/0159.png,0
/content/drive/MyDrive/faceforensics_benchmark_images/0160.png,1
/content/drive/MyDrive/faceforensics_benchmark_images/0161.png,1
/content/drive/MyDrive/faceforensics_benchmark_images/0162.png,1
/content/drive/MyDrive/faceforensics_benchmark_images/0163.png,1
/content/drive/MyDrive/faceforensics_benchmark_images/0164.png,1
/content/drive/MyDrive/faceforensics_benchmark_images/0165.png,1
/content/drive/MyDrive/faceforensics_benchmark_images/0166.png,1
/content/drive/MyDrive/faceforensics_benchmark_images/0167.png,1
/content/drive/MyDrive/faceforensics_benchmark_images/0168.png,1
/content/drive/MyDrive/faceforensics_benchmark_images/0169.png,0
/content/drive/MyDrive/faceforensics_benchmark_images/0170.png,1
/content/drive/MyDrive/faceforensics_benchmark_images/0171.png,1
/content/drive/MyDrive/faceforensics_benchmark_images/0172.png,1
/content/drive/MyDrive/faceforensics_benchmark_images/0173.png,1
/content/drive/MyDrive/faceforensics_benchmark_images/0174.png,0
/content/drive/MyDrive/faceforensics_benchmark_images/0175.png,1
/content/drive/MyDrive/faceforensics_benchmark_images/0176.png,1
/content/drive/MyDrive/faceforensics_benchmark_images/0177.png,1
/content/drive/MyDrive/faceforensics_benchmark_images/0178.png,1
/content/drive/MyDrive/faceforensics_benchmark_images/0179.png,1
/content/drive/MyDrive/faceforensics_benchmark_images/0180.png,1
/content/drive/MyDrive/faceforensics_benchmark_images/0181.png,1
/content/drive/MyDrive/faceforensics_benchmark_images/0182.png,1
/content/drive/MyDrive/faceforensics_benchmark_images/0183.png,1
/content/drive/MyDrive/faceforensics_benchmark_images/0184.png,1
/content/drive/MyDrive/faceforensics_benchmark_images/0185.png,1
/content/drive/MyDrive/faceforensics_benchmark_images/0186.png,1
/content/drive/MyDrive/faceforensics_benchmark_images/0187.png,1
/content/drive/MyDrive/faceforensics_benchmark_images/0188.png,1
/content/drive/MyDrive/faceforensics_benchmark_images/0189.png,0
/content/drive/MyDrive/faceforensics_benchmark_images/0190.png,1
/content/drive/MyDrive/faceforensics_benchmark_images/0191.png,1
/content/drive/MyDrive/faceforensics_benchmark_images/0192.png,1
/content/drive/MyDrive/faceforensics_benchmark_images/0193.png,1
/content/drive/MyDrive/faceforensics_benchmark_images/0194.png,0
/content/drive/MyDrive/faceforensics_benchmark_images/0195.png,0
/content/drive/MyDrive/faceforensics_benchmark_images/0196.png,1
/content/drive/MyDrive/faceforensics_benchmark_images/0197.png,1
/content/drive/MyDrive/faceforensics_benchmark_images/0198.png,1
/content/drive/MyDrive/faceforensics_benchmark_images/0199.png,1
/content/drive/MyDrive/faceforensics_benchmark_images/0200.png,1
/content/drive/MyDrive/faceforensics_benchmark_images/0201.png,1
/content/drive/MyDrive/faceforensics_benchmark_images/0202.png,1
/content/drive/MyDrive/faceforensics_benchmark_images/0203.png,1
/content/drive/MyDrive/faceforensics_benchmark_images/0204.png,1
/content/drive/MyDrive/faceforensics_benchmark_images/0205.png,1
/content/drive/MyDrive/faceforensics_benchmark_images/0206.png,1
/content/drive/MyDrive/faceforensics_benchmark_images/0207.png,1
/content/drive/MyDrive/faceforensics_benchmark_images/0208.png,1
/content/drive/MyDrive/faceforensics_benchmark_images/0209.png,0
/content/drive/MyDrive/faceforensics_benchmark_images/0210.png,1
/content/drive/MyDrive/faceforensics_benchmark_images/0211.png,1
/content/drive/MyDrive/faceforensics_benchmark_images/0212.png,1
/content/drive/MyDrive/faceforensics_benchmark_images/0213.png,1
/content/drive/MyDrive/faceforensics_benchmark_images/0214.png,0
/content/drive/MyDrive/faceforensics_benchmark_images/0215.png,1
/content/drive/MyDrive/faceforensics_benchmark_images/0216.png,1
/content/drive/MyDrive/faceforensics_benchmark_images/0217.png,1
/content/drive/MyDrive/faceforensics_benchmark_images/0218.png,1
/content/drive/MyDrive/faceforensics_benchmark_images/0219.png,1
/content/drive/MyDrive/faceforensics_benchmark_images/0220.png,1
/content/drive/MyDrive/faceforensics_benchmark_images/0221.png,1
/content/drive/MyDrive/faceforensics_benchmark_images/0222.png,1
/content/drive/MyDrive/faceforensics_benchmark_images/0223.png,1
/content/drive/MyDrive/faceforensics_benchmark_images/0224.png,1
/content/drive/MyDrive/faceforensics_benchmark_images/0225.png,1
/content/drive/MyDrive/faceforensics_benchmark_images/0226.png,1
/content/drive/MyDrive/faceforensics_benchmark_images/0227.png,1
/content/drive/MyDrive/faceforensics_benchmark_images/0228.png,1
/content/drive/MyDrive/faceforensics_benchmark_images/0229.png,1
/content/drive/MyDrive/faceforensics_benchmark_images/0230.png,1
/content/drive/MyDrive/faceforensics_benchmark_images/0231.png,1
/content/drive/MyDrive/faceforensics_benchmark_images/0232.png,1
/content/drive/MyDrive/faceforensics_benchmark_images/0233.png,1
/content/drive/MyDrive/faceforensics_benchmark_images/0234.png,1
/content/drive/MyDrive/faceforensics_benchmark_images/0235.png,1
/content/drive/MyDrive/faceforensics_benchmark_images/0236.png,1
/content/drive/MyDrive/faceforensics_benchmark_images/0237.png,1
/content/drive/MyDrive/faceforensics_benchmark_images/0238.png,1
/content/drive/MyDrive/faceforensics_benchmark_images/0239.png,1
/content/drive/MyDrive/faceforensics_benchmark_images/0240.png,1
/content/drive/MyDrive/faceforensics_benchmark_images/0241.png,1
/content/drive/MyDrive/faceforensics_benchmark_images/0242.png,1
/content/drive/MyDrive/faceforensics_benchmark_images/0243.png,1
/content/drive/MyDrive/faceforensics_benchmark_images/0244.png,1
/content/drive/MyDrive/faceforensics_benchmark_images/0245.png,1
/content/drive/MyDrive/faceforensics_benchmark_images/0246.png,1
/content/drive/MyDrive/faceforensics_benchmark_images/0247.png,1
/content/drive/MyDrive/faceforensics_benchmark_images/0248.png,1
/content/drive/MyDrive/faceforensics_benchmark_images/0249.png,1
/content/drive/MyDrive/faceforensics_benchmark_images/0250.png,1
/content/drive/MyDrive/faceforensics_benchmark_images/0251.png,1
/content/drive/MyDrive/faceforensics_benchmark_images/0252.png,1
/content/drive/MyDrive/faceforensics_benchmark_images/0253.png,1
/content/drive/MyDrive/faceforensics_benchmark_images/0254.png,1
/content/drive/MyDrive/faceforensics_benchmark_images/0255.png,1
/content/drive/MyDrive/faceforensics_benchmark_images/0256.png,1
/content/drive/MyDrive/faceforensics_benchmark_images/0257.png,0
/content/drive/MyDrive/faceforensics_benchmark_images/0258.png,0
/content/drive/MyDrive/faceforensics_benchmark_images/0259.png,1
/content/drive/MyDrive/faceforensics_benchmark_images/0260.png,0
/content/drive/MyDrive/faceforensics_benchmark_images/0261.png,0
/content/drive/MyDrive/faceforensics_benchmark_images/0262.png,1
/content/drive/MyDrive/faceforensics_benchmark_images/0263.png,1
/content/drive/MyDrive/faceforensics_benchmark_images/0264.png,1
/content/drive/MyDrive/faceforensics_benchmark_images/0265.png,0
/content/drive/MyDrive/faceforensics_benchmark_images/0266.png,0
/content/drive/MyDrive/faceforensics_benchmark_images/0267.png,0
/content/drive/MyDrive/faceforensics_benchmark_images/0268.png,0
/content/drive/MyDrive/faceforensics_benchmark_images/0269.png,1
/content/drive/MyDrive/faceforensics_benchmark_images/0270.png,1
/content/drive/MyDrive/faceforensics_benchmark_images/0271.png,1
/content/drive/MyDrive/faceforensics_benchmark_images/0272.png,1
/content/drive/MyDrive/faceforensics_benchmark_images/0273.png,1
/content/drive/MyDrive/faceforensics_benchmark_images/0274.png,0
/content/drive/MyDrive/faceforensics_benchmark_images/0275.png,1
/content/drive/MyDrive/faceforensics_benchmark_images/0276.png,1
/content/drive/MyDrive/faceforensics_benchmark_images/0277.png,1
/content/drive/MyDrive/faceforensics_benchmark_images/0278.png,1
/content/drive/MyDrive/faceforensics_benchmark_images/0279.png,1
/content/drive/MyDrive/faceforensics_benchmark_images/0280.png,1
/content/drive/MyDrive/faceforensics_benchmark_images/0281.png,0
/content/drive/MyDrive/faceforensics_benchmark_images/0282.png,1
/content/drive/MyDrive/faceforensics_benchmark_images/0283.png,1
/content/drive/MyDrive/faceforensics_benchmark_images/0284.png,1
/content/drive/MyDrive/faceforensics_benchmark_images/0285.png,1
/content/drive/MyDrive/faceforensics_benchmark_images/0286.png,0
/content/drive/MyDrive/faceforensics_benchmark_images/0287.png,1
/content/drive/MyDrive/faceforensics_benchmark_images/0288.png,1
/content/drive/MyDrive/faceforensics_benchmark_images/0289.png,1
/content/drive/MyDrive/faceforensics_benchmark_images/0290.png,1
/content/drive/MyDrive/faceforensics_benchmark_images/0291.png,1
/content/drive/MyDrive/faceforensics_benchmark_images/0292.png,1
/content/drive/MyDrive/faceforensics_benchmark_images/0293.png,0
/content/drive/MyDrive/faceforensics_benchmark_images/0294.png,1
/content/drive/MyDrive/faceforensics_benchmark_images/0295.png,1
/content/drive/MyDrive/faceforensics_benchmark_images/0296.png,0
/content/drive/MyDrive/faceforensics_benchmark_images/0297.png,1
/content/drive/MyDrive/faceforensics_benchmark_images/0298.png,1
/content/drive/MyDrive/faceforensics_benchmark_images/0299.png,1
/content/drive/MyDrive/faceforensics_benchmark_images/0300.png,1
/content/drive/MyDrive/faceforensics_benchmark_images/0301.png,1
/content/drive/MyDrive/faceforensics_benchmark_images/0302.png,1
/content/drive/MyDrive/faceforensics_benchmark_images/0303.png,1
/content/drive/MyDrive/faceforensics_benchmark_images/0304.png,1
/content/drive/MyDrive/faceforensics_benchmark_images/0305.png,1
/content/drive/MyDrive/faceforensics_benchmark_images/0306.png,0
/content/drive/MyDrive/faceforensics_benchmark_images/0307.png,1
/content/drive/MyDrive/faceforensics_benchmark_images/0308.png,1
/content/drive/MyDrive/faceforensics_benchmark_images/0309.png,0
/content/drive/MyDrive/faceforensics_benchmark_images/0310.png,1
/content/drive/MyDrive/faceforensics_benchmark_images/0311.png,0
/content/drive/MyDrive/faceforensics_benchmark_images/0312.png,1
/content/drive/MyDrive/faceforensics_benchmark_images/0313.png,1
/content/drive/MyDrive/faceforensics_benchmark_images/0314.png,0
/content/drive/MyDrive/faceforensics_benchmark_images/0315.png,1
/content/drive/MyDrive/faceforensics_benchmark_images/0316.png,1
/content/drive/MyDrive/faceforensics_benchmark_images/0317.png,1
/content/drive/MyDrive/faceforensics_benchmark_images/0318.png,0
/content/drive/MyDrive/faceforensics_benchmark_images/0319.png,1
/content/drive/MyDrive/faceforensics_benchmark_images/0320.png,0
/content/drive/MyDrive/faceforensics_benchmark_images/0321.png,1
/content/drive/MyDrive/faceforensics_benchmark_images/0322.png,0
/content/drive/MyDrive/faceforensics_benchmark_images/0323.png,1
/content/drive/MyDrive/faceforensics_benchmark_images/0324.png,1
/content/drive/MyDrive/faceforensics_benchmark_images/0325.png,1
/content/drive/MyDrive/faceforensics_benchmark_images/0326.png,1
/content/drive/MyDrive/faceforensics_benchmark_images/0327.png,1
/content/drive/MyDrive/faceforensics_benchmark_images/0328.png,1
/content/drive/MyDrive/faceforensics_benchmark_images/0329.png,1
/content/drive/MyDrive/faceforensics_benchmark_images/0330.png,0
/content/drive/MyDrive/faceforensics_benchmark_images/0331.png,1
/content/drive/MyDrive/faceforensics_benchmark_images/0332.png,0
/content/drive/MyDrive/faceforensics_benchmark_images/0333.png,1
/content/drive/MyDrive/faceforensics_benchmark_images/0334.png,1
/content/drive/MyDrive/faceforensics_benchmark_images/0335.png,1
/content/drive/MyDrive/faceforensics_benchmark_images/0336.png,1
/content/drive/MyDrive/faceforensics_benchmark_images/0337.png,1
/content/drive/MyDrive/faceforensics_benchmark_images/0338.png,1
/content/drive/MyDrive/faceforensics_benchmark_images/0339.png,1
/content/drive/MyDrive/faceforensics_benchmark_images/0340.png,1
/content/drive/MyDrive/faceforensics_benchmark_images/0341.png,1
/content/drive/MyDrive/faceforensics_benchmark_images/0342.png,0
/content/drive/MyDrive/faceforensics_benchmark_images/0343.png,0
/content/drive/MyDrive/faceforensics_benchmark_images/0344.png,1
/content/drive/MyDrive/faceforensics_benchmark_images/0345.png,0
/content/drive/MyDrive/faceforensics_benchmark_images/0346.png,0
/content/drive/MyDrive/faceforensics_benchmark_images/0347.png,0
/content/drive/MyDrive/faceforensics_benchmark_images/0348.png,1
/content/drive/MyDrive/faceforensics_benchmark_images/0349.png,1
/content/drive/MyDrive/faceforensics_benchmark_images/0350.png,1
/content/drive/MyDrive/faceforensics_benchmark_images/0351.png,0
/content/drive/MyDrive/faceforensics_benchmark_images/0352.png,1
/content/drive/MyDrive/faceforensics_benchmark_images/0353.png,1
/content/drive/MyDrive/faceforensics_benchmark_images/0354.png,0
/content/drive/MyDrive/faceforensics_benchmark_images/0355.png,1
/content/drive/MyDrive/faceforensics_benchmark_images/0356.png,1
/content/drive/MyDrive/faceforensics_benchmark_images/0357.png,1
/content/drive/MyDrive/faceforensics_benchmark_images/0358.png,1
/content/drive/MyDrive/faceforensics_benchmark_images/0359.png,1
/content/drive/MyDrive/faceforensics_benchmark_images/0360.png,1
/content/drive/MyDrive/faceforensics_benchmark_images/0361.png,1
/content/drive/MyDrive/faceforensics_benchmark_images/0362.png,1
/content/drive/MyDrive/faceforensics_benchmark_images/0363.png,1
/content/drive/MyDrive/faceforensics_benchmark_images/0364.png,1
/content/drive/MyDrive/faceforensics_benchmark_images/0365.png,1
/content/drive/MyDrive/faceforensics_benchmark_images/0366.png,1
/content/drive/MyDrive/faceforensics_benchmark_images/0367.png,1
/content/drive/MyDrive/faceforensics_benchmark_images/0368.png,1
/content/drive/MyDrive/faceforensics_benchmark_images/0369.png,1
/content/drive/MyDrive/faceforensics_benchmark_images/0370.png,1
/content/drive/MyDrive/faceforensics_benchmark_images/0371.png,1
/content/drive/MyDrive/faceforensics_benchmark_images/0372.png,1
/content/drive/MyDrive/faceforensics_benchmark_images/0373.png,1
/content/drive/MyDrive/faceforensics_benchmark_images/0374.png,1
/content/drive/MyDrive/faceforensics_benchmark_images/0375.png,1
/content/drive/MyDrive/faceforensics_benchmark_images/0376.png,1
/content/drive/MyDrive/faceforensics_benchmark_images/0377.png,1
/content/drive/MyDrive/faceforensics_benchmark_images/0378.png,1
/content/drive/MyDrive/faceforensics_benchmark_images/0379.png,1
/content/drive/MyDrive/faceforensics_benchmark_images/0380.png,1
/content/drive/MyDrive/faceforensics_benchmark_images/0381.png,1
/content/drive/MyDrive/faceforensics_benchmark_images/0382.png,1
/content/drive/MyDrive/faceforensics_benchmark_images/0383.png,1
/content/drive/MyDrive/faceforensics_benchmark_images/0384.png,1
/content/drive/MyDrive/faceforensics_benchmark_images/0385.png,1
/content/drive/MyDrive/faceforensics_benchmark_images/0386.png,1
/content/drive/MyDrive/faceforensics_benchmark_images/0387.png,1
/content/drive/MyDrive/faceforensics_benchmark_images/0388.png,1
/content/drive/MyDrive/faceforensics_benchmark_images/0389.png,1
/content/drive/MyDrive/faceforensics_benchmark_images/0390.png,1
/content/drive/MyDrive/faceforensics_benchmark_images/0391.png,1
/content/drive/MyDrive/faceforensics_benchmark_images/0392.png,1
/content/drive/MyDrive/faceforensics_benchmark_images/0393.png,1
/content/drive/MyDrive/faceforensics_benchmark_images/0394.png,1
/content/drive/MyDrive/faceforensics_benchmark_images/0395.png,1
/content/drive/MyDrive/faceforensics_benchmark_images/0396.png,1
/content/drive/MyDrive/faceforensics_benchmark_images/0397.png,1
/content/drive/MyDrive/faceforensics_benchmark_images/0398.png,1
/content/drive/MyDrive/faceforensics_benchmark_images/0399.png,1
/content/drive/MyDrive/faceforensics_benchmark_images/0400.png,1
/content/drive/MyDrive/faceforensics_benchmark_images/0401.png,1
/content/drive/MyDrive/faceforensics_benchmark_images/0402.png,1
/content/drive/MyDrive/faceforensics_benchmark_images/0403.png,1
/content/drive/MyDrive/faceforensics_benchmark_images/0404.png,1
/content/drive/MyDrive/faceforensics_benchmark_images/0405.png,1
/content/drive/MyDrive/faceforensics_benchmark_images/0406.png,1
/content/drive/MyDrive/faceforensics_benchmark_images/0407.png,1
/content/drive/MyDrive/faceforensics_benchmark_images/0408.png,1
/content/drive/MyDrive/faceforensics_benchmark_images/0409.png,1
/content/drive/MyDrive/faceforensics_benchmark_images/0410.png,1
/content/drive/MyDrive/faceforensics_benchmark_images/0411.png,1
/content/drive/MyDrive/faceforensics_benchmark_images/0412.png,1
/content/drive/MyDrive/faceforensics_benchmark_images/0413.png,1
/content/drive/MyDrive/faceforensics_benchmark_images/0414.png,1
/content/drive/MyDrive/faceforensics_benchmark_images/0415.png,1
/content/drive/MyDrive/faceforensics_benchmark_images/0416.png,1
/content/drive/MyDrive/faceforensics_benchmark_images/0417.png,1
/content/drive/MyDrive/faceforensics_benchmark_images/0418.png,1
/content/drive/MyDrive/faceforensics_benchmark_images/0419.png,1
/content/drive/MyDrive/faceforensics_benchmark_images/0420.png,1
/content/drive/MyDrive/faceforensics_benchmark_images/0421.png,1
/content/drive/MyDrive/faceforensics_benchmark_images/0422.png,1
/content/drive/MyDrive/faceforensics_benchmark_images/0423.png,1
/content/drive/MyDrive/faceforensics_benchmark_images/0424.png,1
/content/drive/MyDrive/faceforensics_benchmark_images/0425.png,1
/content/drive/MyDrive/faceforensics_benchmark_images/0426.png,1
/content/drive/MyDrive/faceforensics_benchmark_images/0427.png,1
/content/drive/MyDrive/faceforensics_benchmark_images/0428.png,1
/content/drive/MyDrive/faceforensics_benchmark_images/0429.png,1
/content/drive/MyDrive/faceforensics_benchmark_images/0430.png,1
/content/drive/MyDrive/faceforensics_benchmark_images/0431.png,1
/content/drive/MyDrive/faceforensics_benchmark_images/0432.png,1
/content/drive/MyDrive/faceforensics_benchmark_images/0433.png,1
/content/drive/MyDrive/faceforensics_benchmark_images/0434.png,1
/content/drive/MyDrive/faceforensics_benchmark_images/0435.png,1
/content/drive/MyDrive/faceforensics_benchmark_images/0436.png,1
/content/drive/MyDrive/faceforensics_benchmark_images/0437.png,1
/content/drive/MyDrive/faceforensics_benchmark_images/0438.png,1
/content/drive/MyDrive/faceforensics_benchmark_images/0439.png,1
/content/drive/MyDrive/faceforensics_benchmark_images/0440.png,0
/content/drive/MyDrive/faceforensics_benchmark_images/0441.png,1
/content/drive/MyDrive/faceforensics_benchmark_images/0442.png,1
/content/drive/MyDrive/faceforensics_benchmark_images/0443.png,1
/content/drive/MyDrive/faceforensics_benchmark_images/0444.png,0
/content/drive/MyDrive/faceforensics_benchmark_images/0445.png,1
/content/drive/MyDrive/faceforensics_benchmark_images/0446.png,1
/content/drive/MyDrive/faceforensics_benchmark_images/0447.png,1
/content/drive/MyDrive/faceforensics_benchmark_images/0448.png,1
/content/drive/MyDrive/faceforensics_benchmark_images/0449.png,1
/content/drive/MyDrive/faceforensics_benchmark_images/0450.png,1
/content/drive/MyDrive/faceforensics_benchmark_images/0451.png,0
/content/drive/MyDrive/faceforensics_benchmark_images/0452.png,1
/content/drive/MyDrive/faceforensics_benchmark_images/0453.png,1
/content/drive/MyDrive/faceforensics_benchmark_images/0454.png,1
/content/drive/MyDrive/faceforensics_benchmark_images/0455.png,1
/content/drive/MyDrive/faceforensics_benchmark_images/0456.png,1
/content/drive/MyDrive/faceforensics_benchmark_images/0457.png,0
/content/drive/MyDrive/faceforensics_benchmark_images/0458.png,1
/content/drive/MyDrive/faceforensics_benchmark_images/0459.png,1
/content/drive/MyDrive/faceforensics_benchmark_images/0460.png,1
/content/drive/MyDrive/faceforensics_benchmark_images/0461.png,1
/content/drive/MyDrive/faceforensics_benchmark_images/0462.png,1
/content/drive/MyDrive/faceforensics_benchmark_images/0463.png,1
/content/drive/MyDrive/faceforensics_benchmark_images/0464.png,1
/content/drive/MyDrive/faceforensics_benchmark_images/0465.png,1
/content/drive/MyDrive/faceforensics_benchmark_images/0466.png,0
/content/drive/MyDrive/faceforensics_benchmark_images/0467.png,1
/content/drive/MyDrive/faceforensics_benchmark_images/0468.png,1
/content/drive/MyDrive/faceforensics_benchmark_images/0469.png,1
/content/drive/MyDrive/faceforensics_benchmark_images/0470.png,0
/content/drive/MyDrive/faceforensics_benchmark_images/0471.png,1
/content/drive/MyDrive/faceforensics_benchmark_images/0472.png,1
/content/drive/MyDrive/faceforensics_benchmark_images/0473.png,1
/content/drive/MyDrive/faceforensics_benchmark_images/0474.png,0
/content/drive/MyDrive/faceforensics_benchmark_images/0475.png,1
/content/drive/MyDrive/faceforensics_benchmark_images/0476.png,1
/content/drive/MyDrive/faceforensics_benchmark_images/0477.png,1
/content/drive/MyDrive/faceforensics_benchmark_images/0478.png,1
/content/drive/MyDrive/faceforensics_benchmark_images/0479.png,1
/content/drive/MyDrive/faceforensics_benchmark_images/0480.png,1
/content/drive/MyDrive/faceforensics_benchmark_images/0481.png,1
/content/drive/MyDrive/faceforensics_benchmark_images/0482.png,0
/content/drive/MyDrive/faceforensics_benchmark_images/0483.png,1
/content/drive/MyDrive/faceforensics_benchmark_images/0484.png,0
/content/drive/MyDrive/faceforensics_benchmark_images/0485.png,1
/content/drive/MyDrive/faceforensics_benchmark_images/0486.png,1
/content/drive/MyDrive/faceforensics_benchmark_images/0487.png,0
/content/drive/MyDrive/faceforensics_benchmark_images/0488.png,1
/content/drive/MyDrive/faceforensics_benchmark_images/0489.png,1
/content/drive/MyDrive/faceforensics_benchmark_images/0490.png,1
/content/drive/MyDrive/faceforensics_benchmark_images/0491.png,1
/content/drive/MyDrive/faceforensics_benchmark_images/0492.png,1
/content/drive/MyDrive/faceforensics_benchmark_images/0493.png,1
/content/drive/MyDrive/faceforensics_benchmark_images/0494.png,1
/content/drive/MyDrive/faceforensics_benchmark_images/0495.png,0
/content/drive/MyDrive/faceforensics_benchmark_images/0496.png,1
/content/drive/MyDrive/faceforensics_benchmark_images/0497.png,1
/content/drive/MyDrive/faceforensics_benchmark_images/0498.png,0
/content/drive/MyDrive/faceforensics_benchmark_images/0499.png,1
/content/drive/MyDrive/faceforensics_benchmark_images/0500.png,1
/content/drive/MyDrive/faceforensics_benchmark_images/0501.png,1
/content/drive/MyDrive/faceforensics_benchmark_images/0502.png,1
/content/drive/MyDrive/faceforensics_benchmark_images/0503.png,1
/content/drive/MyDrive/faceforensics_benchmark_images/0504.png,0
/content/drive/MyDrive/faceforensics_benchmark_images/0505.png,1
/content/drive/MyDrive/faceforensics_benchmark_images/0506.png,1
/content/drive/MyDrive/faceforensics_benchmark_images/0507.png,1
/content/drive/MyDrive/faceforensics_benchmark_images/0508.png,1
/content/drive/MyDrive/faceforensics_benchmark_images/0509.png,1
/content/drive/MyDrive/faceforensics_benchmark_images/0510.png,1
/content/drive/MyDrive/faceforensics_benchmark_images/0511.png,1
/content/drive/MyDrive/faceforensics_benchmark_images/0512.png,0
/content/drive/MyDrive/faceforensics_benchmark_images/0513.png,1
/content/drive/MyDrive/faceforensics_benchmark_images/0514.png,1
/content/drive/MyDrive/faceforensics_benchmark_images/0515.png,0
/content/drive/MyDrive/faceforensics_benchmark_images/0516.png,1
/content/drive/MyDrive/faceforensics_benchmark_images/0517.png,1
/content/drive/MyDrive/faceforensics_benchmark_images/0518.png,0
/content/drive/MyDrive/faceforensics_benchmark_images/0519.png,1
/content/drive/MyDrive/faceforensics_benchmark_images/0520.png,1
/content/drive/MyDrive/faceforensics_benchmark_images/0521.png,1
/content/drive/MyDrive/faceforensics_benchmark_images/0522.png,1
/content/drive/MyDrive/faceforensics_benchmark_images/0523.png,1
/content/drive/MyDrive/faceforensics_benchmark_images/0524.png,1
/content/drive/MyDrive/faceforensics_benchmark_images/0525.png,0
/content/drive/MyDrive/faceforensics_benchmark_images/0526.png,1
/content/drive/MyDrive/faceforensics_benchmark_images/0527.png,1
/content/drive/MyDrive/faceforensics_benchmark_images/0528.png,0
/content/drive/MyDrive/faceforensics_benchmark_images/0529.png,1
/content/drive/MyDrive/faceforensics_benchmark_images/0530.png,1
/content/drive/MyDrive/faceforensics_benchmark_images/0531.png,1
/content/drive/MyDrive/faceforensics_benchmark_images/0532.png,0
/content/drive/MyDrive/faceforensics_benchmark_images/0533.png,1
/content/drive/MyDrive/faceforensics_benchmark_images/0534.png,0
/content/drive/MyDrive/faceforensics_benchmark_images/0535.png,1
/content/drive/MyDrive/faceforensics_benchmark_images/0536.png,1
/content/drive/MyDrive/faceforensics_benchmark_images/0537.png,1
/content/drive/MyDrive/faceforensics_benchmark_images/0538.png,1
/content/drive/MyDrive/faceforensics_benchmark_images/0539.png,1
/content/drive/MyDrive/faceforensics_benchmark_images/0540.png,1
/content/drive/MyDrive/faceforensics_benchmark_images/0541.png,1
/content/drive/MyDrive/faceforensics_benchmark_images/0542.png,1
/content/drive/MyDrive/faceforensics_benchmark_images/0543.png,1
/content/drive/MyDrive/faceforensics_benchmark_images/0544.png,1
/content/drive/MyDrive/faceforensics_benchmark_images/0545.png,1
/content/drive/MyDrive/faceforensics_benchmark_images/0546.png,1
/content/drive/MyDrive/faceforensics_benchmark_images/0547.png,1
/content/drive/MyDrive/faceforensics_benchmark_images/0548.png,1
/content/drive/MyDrive/faceforensics_benchmark_images/0549.png,1
/content/drive/MyDrive/faceforensics_benchmark_images/0550.png,1
/content/drive/MyDrive/faceforensics_benchmark_images/0551.png,1
/content/drive/MyDrive/faceforensics_benchmark_images/0552.png,1
/content/drive/MyDrive/faceforensics_benchmark_images/0553.png,1
/content/drive/MyDrive/faceforensics_benchmark_images/0554.png,1
/content/drive/MyDrive/faceforensics_benchmark_images/0555.png,1
/content/drive/MyDrive/faceforensics_benchmark_images/0556.png,1
/content/drive/MyDrive/faceforensics_benchmark_images/0557.png,1
/content/drive/MyDrive/faceforensics_benchmark_images/0558.png,1
/content/drive/MyDrive/faceforensics_benchmark_images/0559.png,1
/content/drive/MyDrive/faceforensics_benchmark_images/0560.png,1
/content/drive/MyDrive/faceforensics_benchmark_images/0561.png,1
/content/drive/MyDrive/faceforensics_benchmark_images/0562.png,0
/content/drive/MyDrive/faceforensics_benchmark_images/0563.png,1
/content/drive/MyDrive/faceforensics_benchmark_images/0564.png,1
/content/drive/MyDrive/faceforensics_benchmark_images/0565.png,0
/content/drive/MyDrive/faceforensics_benchmark_images/0566.png,1
/content/drive/MyDrive/faceforensics_benchmark_images/0567.png,1
/content/drive/MyDrive/faceforensics_benchmark_images/0568.png,0
/content/drive/MyDrive/faceforensics_benchmark_images/0569.png,0
/content/drive/MyDrive/faceforensics_benchmark_images/0570.png,1
/content/drive/MyDrive/faceforensics_benchmark_images/0571.png,0
/content/drive/MyDrive/faceforensics_benchmark_images/0572.png,1
/content/drive/MyDrive/faceforensics_benchmark_images/0573.png,1
/content/drive/MyDrive/faceforensics_benchmark_images/0574.png,1
/content/drive/MyDrive/faceforensics_benchmark_images/0575.png,1
/content/drive/MyDrive/faceforensics_benchmark_images/0576.png,1
/content/drive/MyDrive/faceforensics_benchmark_images/0577.png,1
/content/drive/MyDrive/faceforensics_benchmark_images/0578.png,1
/content/drive/MyDrive/faceforensics_benchmark_images/0579.png,1
/content/drive/MyDrive/faceforensics_benchmark_images/0580.png,1
/content/drive/MyDrive/faceforensics_benchmark_images/0581.png,1
/content/drive/MyDrive/faceforensics_benchmark_images/0582.png,1
/content/drive/MyDrive/faceforensics_benchmark_images/0583.png,1
/content/drive/MyDrive/faceforensics_benchmark_images/0584.png,1
/content/drive/MyDrive/faceforensics_benchmark_images/0585.png,1
/content/drive/MyDrive/faceforensics_benchmark_images/0586.png,1
/content/drive/MyDrive/faceforensics_benchmark_images/0587.png,1
/content/drive/MyDrive/faceforensics_benchmark_images/0588.png,1
/content/drive/MyDrive/faceforensics_benchmark_images/0589.png,1
/content/drive/MyDrive/faceforensics_benchmark_images/0590.png,1
/content/drive/MyDrive/faceforensics_benchmark_images/0591.png,1
/content/drive/MyDrive/faceforensics_benchmark_images/0592.png,1
/content/drive/MyDrive/faceforensics_benchmark_images/0593.png,1
/content/drive/MyDrive/faceforensics_benchmark_images/0594.png,1
/content/drive/MyDrive/faceforensics_benchmark_images/0595.png,1
/content/drive/MyDrive/faceforensics_benchmark_images/0596.png,1
/content/drive/MyDrive/faceforensics_benchmark_images/0597.png,1
/content/drive/MyDrive/faceforensics_benchmark_images/0598.png,1
/content/drive/MyDrive/faceforensics_benchmark_images/0599.png,1
/content/drive/MyDrive/faceforensics_benchmark_images/0600.png,1
/content/drive/MyDrive/faceforensics_benchmark_images/0601.png,0
/content/drive/MyDrive/faceforensics_benchmark_images/0602.png,1
/content/drive/MyDrive/faceforensics_benchmark_images/0603.png,0
/content/drive/MyDrive/faceforensics_benchmark_images/0604.png,1
/content/drive/MyDrive/faceforensics_benchmark_images/0605.png,1
/content/drive/MyDrive/faceforensics_benchmark_images/0606.png,0
/content/drive/MyDrive/faceforensics_benchmark_images/0607.png,1
/content/drive/MyDrive/faceforensics_benchmark_images/0608.png,1
/content/drive/MyDrive/faceforensics_benchmark_images/0609.png,1
/content/drive/MyDrive/faceforensics_benchmark_images/0610.png,1
/content/drive/MyDrive/faceforensics_benchmark_images/0611.png,1
/content/drive/MyDrive/faceforensics_benchmark_images/0612.png,1
/content/drive/MyDrive/faceforensics_benchmark_images/0613.png,1
/content/drive/MyDrive/faceforensics_benchmark_images/0614.png,1
/content/drive/MyDrive/faceforensics_benchmark_images/0615.png,1
/content/drive/MyDrive/faceforensics_benchmark_images/0616.png,1
/content/drive/MyDrive/faceforensics_benchmark_images/0617.png,1
/content/drive/MyDrive/faceforensics_benchmark_images/0618.png,0
/content/drive/MyDrive/faceforensics_benchmark_images/0619.png,1
/content/drive/MyDrive/faceforensics_benchmark_images/0620.png,0
/content/drive/MyDrive/faceforensics_benchmark_images/0621.png,1
/content/drive/MyDrive/faceforensics_benchmark_images/0622.png,1
/content/drive/MyDrive/faceforensics_benchmark_images/0623.png,1
/content/drive/MyDrive/faceforensics_benchmark_images/0624.png,1
/content/drive/MyDrive/faceforensics_benchmark_images/0625.png,1
/content/drive/MyDrive/faceforensics_benchmark_images/0626.png,1
/content/drive/MyDrive/faceforensics_benchmark_images/0627.png,1
/content/drive/MyDrive/faceforensics_benchmark_images/0628.png,0
/content/drive/MyDrive/faceforensics_benchmark_images/0629.png,1
/content/drive/MyDrive/faceforensics_benchmark_images/0630.png,1
/content/drive/MyDrive/faceforensics_benchmark_images/0631.png,0
/content/drive/MyDrive/faceforensics_benchmark_images/0632.png,1
/content/drive/MyDrive/faceforensics_benchmark_images/0633.png,1
/content/drive/MyDrive/faceforensics_benchmark_images/0634.png,1
/content/drive/MyDrive/faceforensics_benchmark_images/0635.png,1
/content/drive/MyDrive/faceforensics_benchmark_images/0636.png,1
/content/drive/MyDrive/faceforensics_benchmark_images/0637.png,1
/content/drive/MyDrive/faceforensics_benchmark_images/0638.png,1
/content/drive/MyDrive/faceforensics_benchmark_images/0639.png,1
/content/drive/MyDrive/faceforensics_benchmark_images/0640.png,1
/content/drive/MyDrive/faceforensics_benchmark_images/0641.png,1
/content/drive/MyDrive/faceforensics_benchmark_images/0642.png,1
/content/drive/MyDrive/faceforensics_benchmark_images/0643.png,1
/content/drive/MyDrive/faceforensics_benchmark_images/0644.png,1
/content/drive/MyDrive/faceforensics_benchmark_images/0645.png,1
/content/drive/MyDrive/faceforensics_benchmark_images/0646.png,1
/content/drive/MyDrive/faceforensics_benchmark_images/0647.png,1
/content/drive/MyDrive/faceforensics_benchmark_images/0648.png,1
/content/drive/MyDrive/faceforensics_benchmark_images/0649.png,1
/content/drive/MyDrive/faceforensics_benchmark_images/0650.png,1
/content/drive/MyDrive/faceforensics_benchmark_images/0651.png,0
/content/drive/MyDrive/faceforensics_benchmark_images/0652.png,1
/content/drive/MyDrive/faceforensics_benchmark_images/0653.png,1
/content/drive/MyDrive/faceforensics_benchmark_images/0654.png,1
/content/drive/MyDrive/faceforensics_benchmark_images/0655.png,0
/content/drive/MyDrive/faceforensics_benchmark_images/0656.png,0
/content/drive/MyDrive/faceforensics_benchmark_images/0657.png,1
/content/drive/MyDrive/faceforensics_benchmark_images/0658.png,1
/content/drive/MyDrive/faceforensics_benchmark_images/0659.png,1
/content/drive/MyDrive/faceforensics_benchmark_images/0660.png,1
/content/drive/MyDrive/faceforensics_benchmark_images/0661.png,1
/content/drive/MyDrive/faceforensics_benchmark_images/0662.png,0
/content/drive/MyDrive/faceforensics_benchmark_images/0663.png,1
/content/drive/MyDrive/faceforensics_benchmark_images/0664.png,1
/content/drive/MyDrive/faceforensics_benchmark_images/0665.png,0
/content/drive/MyDrive/faceforensics_benchmark_images/0666.png,0
/content/drive/MyDrive/faceforensics_benchmark_images/0667.png,1
/content/drive/MyDrive/faceforensics_benchmark_images/0668.png,1
/content/drive/MyDrive/faceforensics_benchmark_images/0669.png,1
/content/drive/MyDrive/faceforensics_benchmark_images/0670.png,1
/content/drive/MyDrive/faceforensics_benchmark_images/0671.png,0
/content/drive/MyDrive/faceforensics_benchmark_images/0672.png,0
/content/drive/MyDrive/faceforensics_benchmark_images/0673.png,1
/content/drive/MyDrive/faceforensics_benchmark_images/0674.png,0
/content/drive/MyDrive/faceforensics_benchmark_images/0675.png,1
/content/drive/MyDrive/faceforensics_benchmark_images/0676.png,0
/content/drive/MyDrive/faceforensics_benchmark_images/0677.png,1
/content/drive/MyDrive/faceforensics_benchmark_images/0678.png,1
/content/drive/MyDrive/faceforensics_benchmark_images/0679.png,1
/content/drive/MyDrive/faceforensics_benchmark_images/0680.png,1
/content/drive/MyDrive/faceforensics_benchmark_images/0681.png,0
/content/drive/MyDrive/faceforensics_benchmark_images/0682.png,1
/content/drive/MyDrive/faceforensics_benchmark_images/0683.png,1
/content/drive/MyDrive/faceforensics_benchmark_images/0684.png,1
/content/drive/MyDrive/faceforensics_benchmark_images/0685.png,1
/content/drive/MyDrive/faceforensics_benchmark_images/0686.png,1
/content/drive/MyDrive/faceforensics_benchmark_images/0687.png,1
/content/drive/MyDrive/faceforensics_benchmark_images/0688.png,0
/content/drive/MyDrive/faceforensics_benchmark_images/0689.png,1
/content/drive/MyDrive/faceforensics_benchmark_images/0690.png,1
/content/drive/MyDrive/faceforensics_benchmark_images/0691.png,1
/content/drive/MyDrive/faceforensics_benchmark_images/0692.png,1
/content/drive/MyDrive/faceforensics_benchmark_images/0693.png,1
/content/drive/MyDrive/faceforensics_benchmark_images/0694.png,0
/content/drive/MyDrive/faceforensics_benchmark_images/0695.png,1
/content/drive/MyDrive/faceforensics_benchmark_images/0696.png,1
/content/drive/MyDrive/faceforensics_benchmark_images/0697.png,1
/content/drive/MyDrive/faceforensics_benchmark_images/0698.png,1
/content/drive/MyDrive/faceforensics_benchmark_images/0699.png,1
/content/drive/MyDrive/faceforensics_benchmark_images/0700.png,1
/content/drive/MyDrive/faceforensics_benchmark_images/0701.png,1
/content/drive/MyDrive/faceforensics_benchmark_images/0702.png,1
/content/drive/MyDrive/faceforensics_benchmark_images/0703.png,0
/content/drive/MyDrive/faceforensics_benchmark_images/0704.png,1
/content/drive/MyDrive/faceforensics_benchmark_images/0705.png,1
/content/drive/MyDrive/faceforensics_benchmark_images/0706.png,1
/content/drive/MyDrive/faceforensics_benchmark_images/0707.png,1
/content/drive/MyDrive/faceforensics_benchmark_images/0708.png,1
/content/drive/MyDrive/faceforensics_benchmark_images/0709.png,1
/content/drive/MyDrive/faceforensics_benchmark_images/0710.png,1
/content/drive/MyDrive/faceforensics_benchmark_images/0711.png,1
/content/drive/MyDrive/faceforensics_benchmark_images/0712.png,1
/content/drive/MyDrive/faceforensics_benchmark_images/0713.png,1
/content/drive/MyDrive/faceforensics_benchmark_images/0714.png,1
/content/drive/MyDrive/faceforensics_benchmark_images/0715.png,1
/content/drive/MyDrive/faceforensics_benchmark_images/0716.png,0
/content/drive/MyDrive/faceforensics_benchmark_images/0717.png,1
/content/drive/MyDrive/faceforensics_benchmark_images/0718.png,1
/content/drive/MyDrive/faceforensics_benchmark_images/0719.png,1
/content/drive/MyDrive/faceforensics_benchmark_images/0720.png,0
/content/drive/MyDrive/faceforensics_benchmark_images/0721.png,1
/content/drive/MyDrive/faceforensics_benchmark_images/0722.png,1
/content/drive/MyDrive/faceforensics_benchmark_images/0723.png,1
/content/drive/MyDrive/faceforensics_benchmark_images/0724.png,1
/content/drive/MyDrive/faceforensics_benchmark_images/0725.png,1
/content/drive/MyDrive/faceforensics_benchmark_images/0726.png,0
/content/drive/MyDrive/faceforensics_benchmark_images/0727.png,1
/content/drive/MyDrive/faceforensics_benchmark_images/0728.png,1
/content/drive/MyDrive/faceforensics_benchmark_images/0729.png,1
/content/drive/MyDrive/faceforensics_benchmark_images/0730.png,1
/content/drive/MyDrive/faceforensics_benchmark_images/0731.png,1
/content/drive/MyDrive/faceforensics_benchmark_images/0732.png,1
/content/drive/MyDrive/faceforensics_benchmark_images/0733.png,1
/content/drive/MyDrive/faceforensics_benchmark_images/0734.png,1
/content/drive/MyDrive/faceforensics_benchmark_images/0735.png,1
/content/drive/MyDrive/faceforensics_benchmark_images/0736.png,1
/content/drive/MyDrive/faceforensics_benchmark_images/0737.png,1
/content/drive/MyDrive/faceforensics_benchmark_images/0738.png,1
/content/drive/MyDrive/faceforensics_benchmark_images/0739.png,1
/content/drive/MyDrive/faceforensics_benchmark_images/0740.png,1
/content/drive/MyDrive/faceforensics_benchmark_images/0741.png,1
/content/drive/MyDrive/faceforensics_benchmark_images/0742.png,1
/content/drive/MyDrive/faceforensics_benchmark_images/0743.png,1
/content/drive/MyDrive/faceforensics_benchmark_images/0744.png,0
/content/drive/MyDrive/faceforensics_benchmark_images/0745.png,1
/content/drive/MyDrive/faceforensics_benchmark_images/0746.png,1
/content/drive/MyDrive/faceforensics_benchmark_images/0747.png,1
/content/drive/MyDrive/faceforensics_benchmark_images/0748.png,1
/content/drive/MyDrive/faceforensics_benchmark_images/0749.png,0
/content/drive/MyDrive/faceforensics_benchmark_images/0750.png,1
/content/drive/MyDrive/faceforensics_benchmark_images/0751.png,0
/content/drive/MyDrive/faceforensics_benchmark_images/0752.png,1
/content/drive/MyDrive/faceforensics_benchmark_images/0753.png,1
/content/drive/MyDrive/faceforensics_benchmark_images/0754.png,1
/content/drive/MyDrive/faceforensics_benchmark_images/0755.png,1
/content/drive/MyDrive/faceforensics_benchmark_images/0756.png,1
/content/drive/MyDrive/faceforensics_benchmark_images/0757.png,1
/content/drive/MyDrive/faceforensics_benchmark_images/0758.png,1
/content/drive/MyDrive/faceforensics_benchmark_images/0759.png,0
/content/drive/MyDrive/faceforensics_benchmark_images/0760.png,1
/content/drive/MyDrive/faceforensics_benchmark_images/0761.png,1
/content/drive/MyDrive/faceforensics_benchmark_images/0762.png,1
/content/drive/MyDrive/faceforensics_benchmark_images/0763.png,1
/content/drive/MyDrive/faceforensics_benchmark_images/0764.png,1
/content/drive/MyDrive/faceforensics_benchmark_images/0765.png,1
/content/drive/MyDrive/faceforensics_benchmark_images/0766.png,1
/content/drive/MyDrive/faceforensics_benchmark_images/0767.png,1
/content/drive/MyDrive/faceforensics_benchmark_images/0768.png,1
/content/drive/MyDrive/faceforensics_benchmark_images/0769.png,1
/content/drive/MyDrive/faceforensics_benchmark_images/0770.png,1
/content/drive/MyDrive/faceforensics_benchmark_images/0771.png,1
/content/drive/MyDrive/faceforensics_benchmark_images/0772.png,1
/content/drive/MyDrive/faceforensics_benchmark_images/0773.png,1
/content/drive/MyDrive/faceforensics_benchmark_images/0774.png,1
/content/drive/MyDrive/faceforensics_benchmark_images/0775.png,0
/content/drive/MyDrive/faceforensics_benchmark_images/0776.png,1
/content/drive/MyDrive/faceforensics_benchmark_images/0777.png,1
/content/drive/MyDrive/faceforensics_benchmark_images/0778.png,1
/content/drive/MyDrive/faceforensics_benchmark_images/0779.png,1
/content/drive/MyDrive/faceforensics_benchmark_images/0780.png,1
/content/drive/MyDrive/faceforensics_benchmark_images/0781.png,0
/content/drive/MyDrive/faceforensics_benchmark_images/0782.png,1
/content/drive/MyDrive/faceforensics_benchmark_images/0783.png,1
/content/drive/MyDrive/faceforensics_benchmark_images/0784.png,1
/content/drive/MyDrive/faceforensics_benchmark_images/0785.png,1
/content/drive/MyDrive/faceforensics_benchmark_images/0786.png,1
/content/drive/MyDrive/faceforensics_benchmark_images/0787.png,1
/content/drive/MyDrive/faceforensics_benchmark_images/0788.png,1
/content/drive/MyDrive/faceforensics_benchmark_images/0789.png,1
/content/drive/MyDrive/faceforensics_benchmark_images/0790.png,1
/content/drive/MyDrive/faceforensics_benchmark_images/0791.png,1
/content/drive/MyDrive/faceforensics_benchmark_images/0792.png,1
/content/drive/MyDrive/faceforensics_benchmark_images/0793.png,1
/content/drive/MyDrive/faceforensics_benchmark_images/0794.png,1
/content/drive/MyDrive/faceforensics_benchmark_images/0795.png,1
/content/drive/MyDrive/faceforensics_benchmark_images/0796.png,0
/content/drive/MyDrive/faceforensics_benchmark_images/0797.png,1
/content/drive/MyDrive/faceforensics_benchmark_images/0798.png,0
/content/drive/MyDrive/faceforensics_benchmark_images/0799.png,1
/content/drive/MyDrive/faceforensics_benchmark_images/0800.png,1
/content/drive/MyDrive/faceforensics_benchmark_images/0801.png,1
/content/drive/MyDrive/faceforensics_benchmark_images/0802.png,1
/content/drive/MyDrive/faceforensics_benchmark_images/0803.png,0
/content/drive/MyDrive/faceforensics_benchmark_images/0804.png,1
/content/drive/MyDrive/faceforensics_benchmark_images/0805.png,1
/content/drive/MyDrive/faceforensics_benchmark_images/0806.png,1
/content/drive/MyDrive/faceforensics_benchmark_images/0807.png,1
/content/drive/MyDrive/faceforensics_benchmark_images/0808.png,1
/content/drive/MyDrive/faceforensics_benchmark_images/0809.png,1
/content/drive/MyDrive/faceforensics_benchmark_images/0810.png,1
/content/drive/MyDrive/faceforensics_benchmark_images/0811.png,1
/content/drive/MyDrive/faceforensics_benchmark_images/0812.png,1
/content/drive/MyDrive/faceforensics_benchmark_images/0813.png,1
/content/drive/MyDrive/faceforensics_benchmark_images/0814.png,1
/content/drive/MyDrive/faceforensics_benchmark_images/0815.png,1
/content/drive/MyDrive/faceforensics_benchmark_images/0816.png,1
/content/drive/MyDrive/faceforensics_benchmark_images/0817.png,1
/content/drive/MyDrive/faceforensics_benchmark_images/0818.png,1
/content/drive/MyDrive/faceforensics_benchmark_images/0819.png,0
/content/drive/MyDrive/faceforensics_benchmark_images/0820.png,1
/content/drive/MyDrive/faceforensics_benchmark_images/0821.png,1
/content/drive/MyDrive/faceforensics_benchmark_images/0822.png,1
/content/drive/MyDrive/faceforensics_benchmark_images/0823.png,1
/content/drive/MyDrive/faceforensics_benchmark_images/0824.png,1
/content/drive/MyDrive/faceforensics_benchmark_images/0825.png,1
/content/drive/MyDrive/faceforensics_benchmark_images/0826.png,1
/content/drive/MyDrive/faceforensics_benchmark_images/0827.png,1
/content/drive/MyDrive/faceforensics_benchmark_images/0828.png,1
/content/drive/MyDrive/faceforensics_benchmark_images/0829.png,1
/content/drive/MyDrive/faceforensics_benchmark_images/0830.png,1
/content/drive/MyDrive/faceforensics_benchmark_images/0831.png,1
/content/drive/MyDrive/faceforensics_benchmark_images/0832.png,1
/content/drive/MyDrive/faceforensics_benchmark_images/0833.png,1
/content/drive/MyDrive/faceforensics_benchmark_images/0834.png,1
/content/drive/MyDrive/faceforensics_benchmark_images/0835.png,1
/content/drive/MyDrive/faceforensics_benchmark_images/0836.png,0
/content/drive/MyDrive/faceforensics_benchmark_images/0837.png,0
/content/drive/MyDrive/faceforensics_benchmark_images/0838.png,0
/content/drive/MyDrive/faceforensics_benchmark_images/0839.png,1
/content/drive/MyDrive/faceforensics_benchmark_images/0840.png,1
/content/drive/MyDrive/faceforensics_benchmark_images/0841.png,1
/content/drive/MyDrive/faceforensics_benchmark_images/0842.png,1
/content/drive/MyDrive/faceforensics_benchmark_images/0843.png,1
/content/drive/MyDrive/faceforensics_benchmark_images/0844.png,1
/content/drive/MyDrive/faceforensics_benchmark_images/0845.png,1
/content/drive/MyDrive/faceforensics_benchmark_images/0846.png,1
/content/drive/MyDrive/faceforensics_benchmark_images/0847.png,1
/content/drive/MyDrive/faceforensics_benchmark_images/0848.png,1
/content/drive/MyDrive/faceforensics_benchmark_images/0849.png,1
/content/drive/MyDrive/faceforensics_benchmark_images/0850.png,1
/content/drive/MyDrive/faceforensics_benchmark_images/0851.png,1
/content/drive/MyDrive/faceforensics_benchmark_images/0852.png,1
/content/drive/MyDrive/faceforensics_benchmark_images/0853.png,1
/content/drive/MyDrive/faceforensics_benchmark_images/0854.png,1
/content/drive/MyDrive/faceforensics_benchmark_images/0855.png,1
/content/drive/MyDrive/faceforensics_benchmark_images/0856.png,1
/content/drive/MyDrive/faceforensics_benchmark_images/0857.png,1
/content/drive/MyDrive/faceforensics_benchmark_images/0858.png,1
/content/drive/MyDrive/faceforensics_benchmark_images/0859.png,1
/content/drive/MyDrive/faceforensics_benchmark_images/0860.png,0
/content/drive/MyDrive/faceforensics_benchmark_images/0861.png,1
/content/drive/MyDrive/faceforensics_benchmark_images/0862.png,1
/content/drive/MyDrive/faceforensics_benchmark_images/0863.png,1
/content/drive/MyDrive/faceforensics_benchmark_images/0864.png,1
/content/drive/MyDrive/faceforensics_benchmark_images/0865.png,1
/content/drive/MyDrive/faceforensics_benchmark_images/0866.png,1
/content/drive/MyDrive/faceforensics_benchmark_images/0867.png,1
/content/drive/MyDrive/faceforensics_benchmark_images/0868.png,1
/content/drive/MyDrive/faceforensics_benchmark_images/0869.png,0
/content/drive/MyDrive/faceforensics_benchmark_images/0870.png,0
/content/drive/MyDrive/faceforensics_benchmark_images/0871.png,1
/content/drive/MyDrive/faceforensics_benchmark_images/0872.png,1
/content/drive/MyDrive/faceforensics_benchmark_images/0873.png,1
/content/drive/MyDrive/faceforensics_benchmark_images/0874.png,1
/content/drive/MyDrive/faceforensics_benchmark_images/0875.png,1
/content/drive/MyDrive/faceforensics_benchmark_images/0876.png,1
/content/drive/MyDrive/faceforensics_benchmark_images/0877.png,1
/content/drive/MyDrive/faceforensics_benchmark_images/0878.png,1
/content/drive/MyDrive/faceforensics_benchmark_images/0879.png,1
/content/drive/MyDrive/faceforensics_benchmark_images/0880.png,1
/content/drive/MyDrive/faceforensics_benchmark_images/0881.png,1
/content/drive/MyDrive/faceforensics_benchmark_images/0882.png,1
/content/drive/MyDrive/faceforensics_benchmark_images/0883.png,1
/content/drive/MyDrive/faceforensics_benchmark_images/0884.png,1
/content/drive/MyDrive/faceforensics_benchmark_images/0885.png,1
/content/drive/MyDrive/faceforensics_benchmark_images/0886.png,0
/content/drive/MyDrive/faceforensics_benchmark_images/0887.png,1
/content/drive/MyDrive/faceforensics_benchmark_images/0888.png,1
/content/drive/MyDrive/faceforensics_benchmark_images/0889.png,1
/content/drive/MyDrive/faceforensics_benchmark_images/0890.png,1
/content/drive/MyDrive/faceforensics_benchmark_images/0891.png,1
/content/drive/MyDrive/faceforensics_benchmark_images/0892.png,1
/content/drive/MyDrive/faceforensics_benchmark_images/0893.png,1
/content/drive/MyDrive/faceforensics_benchmark_images/0894.png,1
/content/drive/MyDrive/faceforensics_benchmark_images/0895.png,1
/content/drive/MyDrive/faceforensics_benchmark_images/0896.png,1
/content/drive/MyDrive/faceforensics_benchmark_images/0897.png,1
/content/drive/MyDrive/faceforensics_benchmark_images/0898.png,1
/content/drive/MyDrive/faceforensics_benchmark_images/0899.png,1
/content/drive/MyDrive/faceforensics_benchmark_images/0900.png,1
/content/drive/MyDrive/faceforensics_benchmark_images/0901.png,1
/content/drive/MyDrive/faceforensics_benchmark_images/0902.png,0
/content/drive/MyDrive/faceforensics_benchmark_images/0903.png,1
/content/drive/MyDrive/faceforensics_benchmark_images/0904.png,0
/content/drive/MyDrive/faceforensics_benchmark_images/0905.png,1
/content/drive/MyDrive/faceforensics_benchmark_images/0906.png,0
/content/drive/MyDrive/faceforensics_benchmark_images/0907.png,1
/content/drive/MyDrive/faceforensics_benchmark_images/0908.png,1
/content/drive/MyDrive/faceforensics_benchmark_images/0909.png,1
/content/drive/MyDrive/faceforensics_benchmark_images/0910.png,1
/content/drive/MyDrive/faceforensics_benchmark_images/0911.png,1
/content/drive/MyDrive/faceforensics_benchmark_images/0912.png,1
/content/drive/MyDrive/faceforensics_benchmark_images/0913.png,1
/content/drive/MyDrive/faceforensics_benchmark_images/0914.png,0
/content/drive/MyDrive/faceforensics_benchmark_images/0915.png,1
/content/drive/MyDrive/faceforensics_benchmark_images/0916.png,1
/content/drive/MyDrive/faceforensics_benchmark_images/0917.png,1
/content/drive/MyDrive/faceforensics_benchmark_images/0918.png,1
/content/drive/MyDrive/faceforensics_benchmark_images/0919.png,1
/content/drive/MyDrive/faceforensics_benchmark_images/0920.png,1
/content/drive/MyDrive/faceforensics_benchmark_images/0921.png,1
/content/drive/MyDrive/faceforensics_benchmark_images/0922.png,1
/content/drive/MyDrive/faceforensics_benchmark_images/0923.png,1
/content/drive/MyDrive/faceforensics_benchmark_images/0924.png,1
/content/drive/MyDrive/faceforensics_benchmark_images/0925.png,1
/content/drive/MyDrive/faceforensics_benchmark_images/0926.png,1
/content/drive/MyDrive/faceforensics_benchmark_images/0927.png,1
/content/drive/MyDrive/faceforensics_benchmark_images/0928.png,1
/content/drive/MyDrive/faceforensics_benchmark_images/0929.png,1
/content/drive/MyDrive/faceforensics_benchmark_images/0930.png,1
/content/drive/MyDrive/faceforensics_benchmark_images/0931.png,1
/content/drive/MyDrive/faceforensics_benchmark_images/0932.png,1
/content/drive/MyDrive/faceforensics_benchmark_images/0933.png,1
/content/drive/MyDrive/faceforensics_benchmark_images/0934.png,1
/content/drive/MyDrive/faceforensics_benchmark_images/0935.png,1
/content/drive/MyDrive/faceforensics_benchmark_images/0936.png,1
/content/drive/MyDrive/faceforensics_benchmark_images/0937.png,1
/content/drive/MyDrive/faceforensics_benchmark_images/0938.png,1
/content/drive/MyDrive/faceforensics_benchmark_images/0939.png,1
/content/drive/MyDrive/faceforensics_benchmark_images/0940.png,1
/content/drive/MyDrive/faceforensics_benchmark_images/0941.png,1
/content/drive/MyDrive/faceforensics_benchmark_images/0942.png,1
/content/drive/MyDrive/faceforensics_benchmark_images/0943.png,1
/content/drive/MyDrive/faceforensics_benchmark_images/0944.png,1
/content/drive/MyDrive/faceforensics_benchmark_images/0945.png,1
/content/drive/MyDrive/faceforensics_benchmark_images/0946.png,1
/content/drive/MyDrive/faceforensics_benchmark_images/0947.png,1
/content/drive/MyDrive/faceforensics_benchmark_images/0948.png,1
/content/drive/MyDrive/faceforensics_benchmark_images/0949.png,1
/content/drive/MyDrive/faceforensics_benchmark_images/0950.png,1
/content/drive/MyDrive/faceforensics_benchmark_images/0951.png,1
/content/drive/MyDrive/faceforensics_benchmark_images/0952.png,1
/content/drive/MyDrive/faceforensics_benchmark_images/0953.png,1
/content/drive/MyDrive/faceforensics_benchmark_images/0954.png,1
/content/drive/MyDrive/faceforensics_benchmark_images/0955.png,1
/content/drive/MyDrive/faceforensics_benchmark_images/0956.png,1
/content/drive/MyDrive/faceforensics_benchmark_images/0957.png,1
/content/drive/MyDrive/faceforensics_benchmark_images/0958.png,1
/content/drive/MyDrive/faceforensics_benchmark_images/0959.png,1
/content/drive/MyDrive/faceforensics_benchmark_images/0960.png,1
/content/drive/MyDrive/faceforensics_benchmark_images/0961.png,1
/content/drive/MyDrive/faceforensics_benchmark_images/0962.png,1
/content/drive/MyDrive/faceforensics_benchmark_images/0963.png,1
/content/drive/MyDrive/faceforensics_benchmark_images/0964.png,1
/content/drive/MyDrive/faceforensics_benchmark_images/0965.png,1
/content/drive/MyDrive/faceforensics_benchmark_images/0966.png,1
/content/drive/MyDrive/faceforensics_benchmark_images/0967.png,1
/content/drive/MyDrive/faceforensics_benchmark_images/0968.png,1
/content/drive/MyDrive/faceforensics_benchmark_images/0969.png,1
/content/drive/MyDrive/faceforensics_benchmark_images/0970.png,1
/content/drive/MyDrive/faceforensics_benchmark_images/0971.png,1
/content/drive/MyDrive/faceforensics_benchmark_images/0972.png,1
/content/drive/MyDrive/faceforensics_benchmark_images/0973.png,0
/content/drive/MyDrive/faceforensics_benchmark_images/0974.png,1
/content/drive/MyDrive/faceforensics_benchmark_images/0975.png,1
/content/drive/MyDrive/faceforensics_benchmark_images/0976.png,1
/content/drive/MyDrive/faceforensics_benchmark_images/0977.png,1
/content/drive/MyDrive/faceforensics_benchmark_images/0978.png,0
/content/drive/MyDrive/faceforensics_benchmark_images/0979.png,1
/content/drive/MyDrive/faceforensics_benchmark_images/0980.png,0
/content/drive/MyDrive/faceforensics_benchmark_images/0981.png,1
/content/drive/MyDrive/faceforensics_benchmark_images/0982.png,0
/content/drive/MyDrive/faceforensics_benchmark_images/0983.png,1
/content/drive/MyDrive/faceforensics_benchmark_images/0984.png,1
/content/drive/MyDrive/faceforensics_benchmark_images/0985.png,1
/content/drive/MyDrive/faceforensics_benchmark_images/0986.png,1
/content/drive/MyDrive/faceforensics_benchmark_images/0987.png,0
/content/drive/MyDrive/faceforensics_benchmark_images/0988.png,0
/content/drive/MyDrive/faceforensics_benchmark_images/0989.png,1
/content/drive/MyDrive/faceforensics_benchmark_images/0990.png,0
/content/drive/MyDrive/faceforensics_benchmark_images/0991.png,1
/content/drive/MyDrive/faceforensics_benchmark_images/0992.png,1
/content/drive/MyDrive/faceforensics_benchmark_images/0993.png,1
/content/drive/MyDrive/faceforensics_benchmark_images/0994.png,1
/content/drive/MyDrive/faceforensics_benchmark_images/0995.png,1
/content/drive/MyDrive/faceforensics_benchmark_images/0996.png,1
/content/drive/MyDrive/faceforensics_benchmark_images/0997.png,0
/content/drive/MyDrive/faceforensics_benchmark_images/0998.png,0
/content/drive/MyDrive/faceforensics_benchmark_images/0999.png,0
